АБСОЛЮТИЗИРОВАТЬ	106631-V	изменить
АБСОЛЮТИЗИРОВАТЬ	111281-V	изменить
АБСОЛЮТИЗИРОВАТЬ	117315-V	изменить
АБСОЛЮТИЗИРОВАТЬ	111944-V	определять
АБСОЛЮТИЗИРОВАТЬ	106710-V	определять
АБСОЛЮТИЗИРОВАТЬ	120255-V	определять
АБСОЛЮТИЗИРОВАТЬ	106473-V	определять
АБСОЛЮТИЗИРОВАТЬ	141649-V	определять
АБСОЛЮТИЗИРОВАТЬ	116304-V	менять
АБСОЛЮТИЗИРОВАТЬ	106682-V	менять
АКТИВИРОВАТЬ	106493-V	создавать
АКТИВИРОВАТЬ	120410-V	создавать
АКТИВИРОВАТЬ	106497-V	использовать
АКТИВИРОВАТЬ	124388-V	поддерживать
АКТИВИРОВАТЬ	137658-V	поддерживать
АКТИВИРОВАТЬ	119198-V	поддерживать
АКТИВИРОВАТЬ	106472-V	поддерживать
АКТИВИРОВАТЬ	118698-V	сделать
АКТИВИРОВАТЬ	106494-V	сделать
АКТИВИРОВАТЬ	106495-V	сделать
АМЕРИКАНИЗИРОВАТЬ	106493-V	создавать
АМЕРИКАНИЗИРОВАТЬ	120410-V	создавать
АМЕРИКАНИЗИРОВАТЬ	106839-V	усовершенствовать
АМЕРИКАНИЗИРОВАТЬ	106631-V	менять
АМЕРИКАНИЗИРОВАТЬ	116304-V	менять
АМЕРИКАНИЗИРОВАТЬ	106682-V	менять
АМЕРИКАНИЗИРОВАТЬ	111281-V	изменять
АМЕРИКАНИЗИРОВАТЬ	117315-V	изменять
АМЕРИКАНИЗИРОВАТЬ	106844-V	видоизменить
АМЕРИКАНИЗИРОВАТЬ	106497-V	использовать
АНОДИРОВАТЬ	106631-V	dummy
АНОДИРОВАТЬ	148420-V	dummy
АНОДИРОВАТЬ	106504-V	dummy
АНОДИРОВАТЬ	107094-V	dummy
АНОДИРОВАТЬ	647-V	dummy
АНОДИРОВАТЬ	116921-V	dummy
АНОДИРОВАТЬ	107093-V	dummy
АНОДИРОВАТЬ	106817-V	dummy
АНОДИРОВАТЬ	106938-V	dummy
АНОДИРОВАТЬ	106698-V	dummy
БИНТОВАТЬ	115187-V	обмотать
БИНТОВАТЬ	115935-V	обрезать
БИНТОВАТЬ	120431-V	обрезать
БИНТОВАТЬ	112810-V	обрезать
БИНТОВАТЬ	140814-V	обрезать
БИНТОВАТЬ	110832-V	обрезать
БИНТОВАТЬ	111579-V	набрызгивать
БИНТОВАТЬ	116888-V	развертеть
БИНТОВАТЬ	112000-V	намотать
БИНТОВАТЬ	116334-V	обвязать
ВБУХИВАТЬ	106497-V	использовать
ВБУХИВАТЬ	106493-V	создавать
ВБУХИВАТЬ	120410-V	создавать
ВБУХИВАТЬ	106640-V	увеличивать
ВБУХИВАТЬ	124388-V	поддерживать
ВБУХИВАТЬ	137658-V	поддерживать
ВБУХИВАТЬ	119198-V	поддерживать
ВБУХИВАТЬ	106472-V	поддерживать
ВБУХИВАТЬ	118698-V	сделать
ВБУХИВАТЬ	106494-V	сделать
ВЕРЕЩАТЬ	107105-V	кричать
ВЕРЕЩАТЬ	107104-V	кричать
ВЕРЕЩАТЬ	130108-V	вопить
ВЕРЕЩАТЬ	107366-V	визжать
ВЕРЕЩАТЬ	107094-V	произнести
ВЕРЕЩАТЬ	106877-V	говорить
ВЕРЕЩАТЬ	106781-V	говорить
ВЕРЕЩАТЬ	106868-V	говорить
ВЕРЕЩАТЬ	106876-V	говорить
ВЕРЕЩАТЬ	111859-V	выкрикнуть
ВКРУТИТЬ	106493-V	создавать
ВКРУТИТЬ	120410-V	создавать
ВКРУТИТЬ	145757-V	направлять
ВКРУТИТЬ	145755-V	направлять
ВКРУТИТЬ	119751-V	направлять
ВКРУТИТЬ	114501-V	направлять
ВКРУТИТЬ	106557-V	соединять
ВКРУТИТЬ	106497-V	использовать
ВКРУТИТЬ	114966-V	отфрезеровать
ВКРУТИТЬ	106839-V	усовершенствовать
ВПАЯТЬ	118698-V	сделать
ВПАЯТЬ	106494-V	сделать
ВПАЯТЬ	106495-V	сделать
ВПАЯТЬ	106493-V	создавать
ВПАЯТЬ	120410-V	создавать
ВПАЯТЬ	106631-V	изменить
ВПАЯТЬ	111281-V	изменить
ВПАЯТЬ	117315-V	изменить
ВПАЯТЬ	3513-V	контролировать
ВПАЯТЬ	107441-V	начать
ВПРАВИТЬ	118698-V	делать
ВПРАВИТЬ	106494-V	делать
ВПРАВИТЬ	106495-V	делать
ВРЫТЬ	106497-V	использовать
ВРЫТЬ	112696-V	поставить
ВРЫТЬ	120498-V	поставить
ВРЫТЬ	115451-V	поставить
ВРЫТЬ	106699-V	поставить
ВРЫТЬ	111561-V	поставить
ВРЫТЬ	142434-V	поставить
ВСХЛИПЫВАТЬ	106877-V	говорить
ВСХЛИПЫВАТЬ	107094-V	говорить
ВСХЛИПЫВАТЬ	106781-V	говорить
ВСХЛИПЫВАТЬ	106868-V	говорить
ВСХЛИПЫВАТЬ	106876-V	говорить
ВСХЛИПЫВАТЬ	107196-V	плакать
ВШИВАТЬ	106493-V	создавать
ВШИВАТЬ	120410-V	создавать
ВШИВАТЬ	118698-V	сделать
ВШИВАТЬ	106494-V	сделать
ВШИВАТЬ	106495-V	сделать
ВШИВАТЬ	106557-V	соединять
ВШИВАТЬ	107410-V	разделять
ВШИВАТЬ	119240-V	разделять
ВШИВАТЬ	106497-V	использовать
ВШИВАТЬ	110801-V	сшить
ВЫКЛЕВАТЬ	120501-V	рвать
ВЫКЛЕВАТЬ	116434-V	рвать
ВЫКЛЕВАТЬ	114690-V	рвать
ВЫКЛЕВАТЬ	107416-V	рвать
ВЫКЛЕВАТЬ	136064-V	рвать
ВЫСПРАШИВАТЬ	106542-V	сообщать
ВЫСПРАШИВАТЬ	116746-V	сообщать
ВЫСПРАШИВАТЬ	106877-V	говорить
ВЫСПРАШИВАТЬ	107094-V	говорить
ВЫСПРАШИВАТЬ	106781-V	говорить
ВЫСПРАШИВАТЬ	106868-V	говорить
ВЫСПРАШИВАТЬ	106876-V	говорить
ВЫСПРАШИВАТЬ	117369-V	узнать
ВЫСПРАШИВАТЬ	106709-V	узнать
ВЫСПРАШИВАТЬ	137261-V	спрашивать
ВЫТАПТЫВАТЬ	106483-V	уничтожать
ВЫТАПТЫВАТЬ	142548-V	уничтожать
ВЫТАПТЫВАТЬ	120231-V	убрать
ВЫТАПТЫВАТЬ	110912-V	убрать
ВЫТАПТЫВАТЬ	111903-V	убрать
ВЫТАПТЫВАТЬ	115780-V	гваздаться
ВЫЧЕРПЫВАТЬ	111579-V	набрызгивать
ВЫЧЕРПЫВАТЬ	111868-V	выливать
ВЫЧЕРПЫВАТЬ	110726-V	выливать
ВЫЧЕРПЫВАТЬ	107011-V	вычистить
ВЯЛИТЬ	111554-V	запасать
ВЯЛИТЬ	117035-V	готовить
ВЯЛИТЬ	109109-V	готовить
ВЯЛИТЬ	138310-V	готовить
ВЯЛИТЬ	146965-V	готовить
ВЯЛИТЬ	111541-V	солить
ВЯЛИТЬ	111551-V	солить
ВЯЛИТЬ	116549-V	подкапливать
ВЯЛИТЬ	115640-V	кормить
ВЯЛИТЬ	111862-V	кормить
ГАТИТЬ	107326-V	класть
ГАТИТЬ	151864-V	класть
ГАТИТЬ	116174-V	класть
ГАТИТЬ	111540-V	класть
ГАТИТЬ	116173-V	класть
ГРУБЕТЬ	111369-V	испортить
ГРУБЕТЬ	106631-V	менять
ГРУБЕТЬ	116304-V	менять
ГРУБЕТЬ	106682-V	менять
ГРУБЕТЬ	110481-V	растревоживать
ГРУБЕТЬ	106640-V	увеличивать
ГРУБЕТЬ	111579-V	набрызгивать
ДИРЕКТОРСТВОВАТЬ	118698-V	делать
ДИРЕКТОРСТВОВАТЬ	106494-V	делать
ДИРЕКТОРСТВОВАТЬ	106495-V	делать
ДИРЕКТОРСТВОВАТЬ	124388-V	поддерживать
ДИРЕКТОРСТВОВАТЬ	137658-V	поддерживать
ДИРЕКТОРСТВОВАТЬ	119198-V	поддерживать
ДИРЕКТОРСТВОВАТЬ	106472-V	поддерживать
ДИРЕКТОРСТВОВАТЬ	106473-V	производить
ДИРЕКТОРСТВОВАТЬ	840-V	работать
ДИРЕКТОРСТВОВАТЬ	106503-V	работать
ДОКИНУТЬ	137289-V	бросать
ДОКИНУТЬ	128181-V	бросать
ДОКИНУТЬ	111022-V	бросать
ДОКИНУТЬ	118037-V	бросать
ДОКИНУТЬ	111021-V	бросать
ДОКИНУТЬ	115198-V	кидать
ДОКИНУТЬ	107326-V	класть
ДОКИНУТЬ	151864-V	класть
ДОКИНУТЬ	116174-V	класть
ДОКИНУТЬ	111540-V	класть
ДОРАБОТАТЬСЯ	118698-V	сделать
ДОРАБОТАТЬСЯ	106494-V	сделать
ДОРАБОТАТЬСЯ	106495-V	сделать
ДОРАБОТАТЬСЯ	106493-V	создавать
ДОРАБОТАТЬСЯ	120410-V	создавать
ЗАВЕШАТЬ	106631-V	менять
ЗАВЕШАТЬ	116304-V	менять
ЗАВЕШАТЬ	106682-V	менять
ЗАГОВОРИТЬСЯ	110481-V	переволновать
ЗАГОВОРИТЬСЯ	118509-V	насупливаться
ЗАДАРИТЬ	106817-V	заставлять
ЗАДАРИТЬ	120441-V	заставлять
ЗАДАРИТЬ	137272-V	заставлять
ЗАЛИЗАТЬ	118698-V	делать
ЗАЛИЗАТЬ	106494-V	делать
ЗАЛИЗАТЬ	106495-V	делать
ЗАПРОКИДЫВАТЬ	108821-V	поднимать
ЗАПРОКИДЫВАТЬ	110888-V	поднимать
ЗАПРОКИДЫВАТЬ	118698-V	сделать
ЗАПРОКИДЫВАТЬ	106494-V	сделать
ЗАПРОКИДЫВАТЬ	106495-V	сделать
ЗАПРОКИДЫВАТЬ	117094-V	двигать
ЗАПРОКИДЫВАТЬ	111596-V	двигать
ЗАПРОКИДЫВАТЬ	145757-V	направлять
ЗАПРОКИДЫВАТЬ	145755-V	направлять
ЗАПРОКИДЫВАТЬ	119751-V	направлять
ЗАРАБОТАТЬСЯ	118509-V	насупливаться
ЗАРАБОТАТЬСЯ	115780-V	гваздаться
ЗАРЕШЕТИТЬ	118698-V	делать
ЗАРЕШЕТИТЬ	106494-V	делать
ЗАРЕШЕТИТЬ	106495-V	делать
ЗЛОБСТВОВАТЬ	106877-V	говорить
ЗЛОБСТВОВАТЬ	107094-V	говорить
ЗЛОБСТВОВАТЬ	106781-V	говорить
ЗЛОБСТВОВАТЬ	106868-V	говорить
ЗЛОБСТВОВАТЬ	106876-V	говорить
ЗЛОБСТВОВАТЬ	117673-V	рассердиться
ЗЛОБСТВОВАТЬ	118487-V	подумать
ЗЛОБСТВОВАТЬ	106467-V	подумать
ЗЛОБСТВОВАТЬ	123483-V	подумать
ЗЛОБСТВОВАТЬ	106883-V	подумать
ИЗВЕДАТЬ	117369-V	узнавать
ИЗВЕДАТЬ	106709-V	узнавать
ИЗВЕДАТЬ	117357-V	искать
ИЗВЕДАТЬ	119076-V	искать
ИЗВЕДАТЬ	106686-V	исследовать
ИЗВЕДАТЬ	106901-V	исследовать
ИНКОРПОРИРОВАТЬ	106493-V	создавать
ИНКОРПОРИРОВАТЬ	120410-V	создавать
ИНКОРПОРИРОВАТЬ	111483-V	объединять
ИНКОРПОРИРОВАТЬ	107533-V	объединять
ИНКОРПОРИРОВАТЬ	106496-V	формировать
ИНКОРПОРИРОВАТЬ	106558-V	формировать
ИНКОРПОРИРОВАТЬ	139746-V	формировать
ИНКОРПОРИРОВАТЬ	106785-V	преобразовать
ИНКОРПОРИРОВАТЬ	2055-V	реализовать
ИНКОРПОРИРОВАТЬ	106494-V	реализовать
ИСПОЛОСОВАТЬ	120501-V	рвать
ИСПОЛОСОВАТЬ	116434-V	рвать
ИСПОЛОСОВАТЬ	114690-V	рвать
ИСПОЛОСОВАТЬ	107416-V	рвать
ИСПОЛОСОВАТЬ	136064-V	рвать
ИСПОЛОСОВАТЬ	107412-V	резать
ИСПОЛОСОВАТЬ	123368-V	резать
ИСПОЛОСОВАТЬ	111388-V	резать
ИСПОЛОСОВАТЬ	111389-V	резать
ИСПОЛОСОВАТЬ	118698-V	делать
ИСЦАРАПАТЬ	115780-V	гваздаться
ИСЦАРАПАТЬ	120501-V	рвать
ИСЦАРАПАТЬ	116434-V	рвать
ИСЦАРАПАТЬ	114690-V	рвать
ИСЦАРАПАТЬ	107416-V	рвать
ИСЦАРАПАТЬ	136064-V	рвать
ИСЦАРАПАТЬ	113029-V	загваздать
КАРКАТЬ	107105-V	кричать
КАРКАТЬ	107104-V	кричать
КАРКАТЬ	118509-V	насупливаться
КАРКАТЬ	107094-V	произнести
КАРКАТЬ	110481-V	переволновать
КАРКАТЬ	107196-V	плакать
КАРКАТЬ	106877-V	говорить
КАРКАТЬ	106781-V	говорить
КАРКАТЬ	106868-V	говорить
КАРКАТЬ	106876-V	говорить
КАТАЛОГИЗИРОВАТЬ	106684-V	изучить
КАТАЛОГИЗИРОВАТЬ	106686-V	изучить
КАТАЛОГИЗИРОВАТЬ	111944-V	определять
КАТАЛОГИЗИРОВАТЬ	106710-V	определять
КАТАЛОГИЗИРОВАТЬ	120255-V	определять
КАТАЛОГИЗИРОВАТЬ	106473-V	определять
КАТАЛОГИЗИРОВАТЬ	141649-V	определять
КАТАЛОГИЗИРОВАТЬ	138596-V	оценивать
КАТАЛОГИЗИРОВАТЬ	115032-V	оценивать
КАТАЛОГИЗИРОВАТЬ	115033-V	оценивать
КНЯЖИТЬ	107693-V	допускать
КНЯЖИТЬ	107694-V	допускать
КНЯЖИТЬ	115293-V	допускать
КНЯЖИТЬ	128588-V	понимать
КНЯЖИТЬ	106678-V	понимать
КОМПОСТИРОВАТЬ	106631-V	менять
КОМПОСТИРОВАТЬ	116304-V	менять
КОМПОСТИРОВАТЬ	106682-V	менять
КОМПОСТИРОВАТЬ	111281-V	изменять
КОМПОСТИРОВАТЬ	117315-V	изменять
КОМПОСТИРОВАТЬ	118310-V	заменять
КОМПОСТИРОВАТЬ	106497-V	использовать
КОМПОСТИРОВАТЬ	118698-V	сделать
КОМПОСТИРОВАТЬ	106494-V	сделать
КОМПОСТИРОВАТЬ	106495-V	сделать
КООПЕРИРОВАТЬСЯ	118698-V	сделать
КООПЕРИРОВАТЬСЯ	106494-V	сделать
КООПЕРИРОВАТЬСЯ	106495-V	сделать
КООПЕРИРОВАТЬСЯ	106497-V	использовать
КООПЕРИРОВАТЬСЯ	106631-V	изменить
КООПЕРИРОВАТЬСЯ	111281-V	изменить
КООПЕРИРОВАТЬСЯ	117315-V	изменить
КООПЕРИРОВАТЬСЯ	106493-V	создавать
КООПЕРИРОВАТЬСЯ	120410-V	создавать
КООПЕРИРОВАТЬСЯ	107693-V	допускать
КРИВИТЬ	118487-V	думать
КРИВИТЬ	106467-V	думать
КРИВИТЬ	123483-V	думать
КРИВИТЬ	106883-V	думать
КРОНИРОВАТЬ	106631-V	dummy
КРОНИРОВАТЬ	148420-V	dummy
КРОНИРОВАТЬ	106504-V	dummy
КРОНИРОВАТЬ	107094-V	dummy
КРОНИРОВАТЬ	647-V	dummy
КРОНИРОВАТЬ	116921-V	dummy
КРОНИРОВАТЬ	107093-V	dummy
КРОНИРОВАТЬ	106817-V	dummy
КРОНИРОВАТЬ	106938-V	dummy
КРОНИРОВАТЬ	106698-V	dummy
КУДАХТАТЬ	106877-V	говорить
КУДАХТАТЬ	107094-V	говорить
КУДАХТАТЬ	106781-V	говорить
КУДАХТАТЬ	106868-V	говорить
КУДАХТАТЬ	106876-V	говорить
ЛАЙКНУТЬ	121382-V	написать
ЛАЙКНУТЬ	107009-V	написать
ЛАЙКНУТЬ	107007-V	написать
ЛАЙКНУТЬ	107003-V	написать
ЛАЙКНУТЬ	121118-V	писать
ЛАЙКНУТЬ	106493-V	создавать
ЛАЙКНУТЬ	120410-V	создавать
ЛАЙКНУТЬ	110447-V	воспроизводить
ЛЕГИРОВАТЬ	106493-V	создавать
ЛЕГИРОВАТЬ	120410-V	создавать
ЛЕГИРОВАТЬ	106631-V	менять
ЛЕГИРОВАТЬ	116304-V	менять
ЛЕГИРОВАТЬ	106682-V	менять
ЛЕГИРОВАТЬ	111281-V	изменять
ЛЕГИРОВАТЬ	117315-V	изменять
ЛЕГИРОВАТЬ	106844-V	видоизменить
ЛЕГИРОВАТЬ	106497-V	использовать
ЛЕГИРОВАТЬ	106950-V	трансформировать
ЛОСНИТЬСЯ	113029-V	загваздать
ЛОСНИТЬСЯ	115780-V	гваздаться
ЛЬГОТИРОВАТЬ	106631-V	dummy
ЛЬГОТИРОВАТЬ	148420-V	dummy
ЛЬГОТИРОВАТЬ	106504-V	dummy
ЛЬГОТИРОВАТЬ	107094-V	dummy
ЛЬГОТИРОВАТЬ	647-V	dummy
ЛЬГОТИРОВАТЬ	116921-V	dummy
ЛЬГОТИРОВАТЬ	107093-V	dummy
ЛЬГОТИРОВАТЬ	106817-V	dummy
ЛЬГОТИРОВАТЬ	106938-V	dummy
ЛЬГОТИРОВАТЬ	106698-V	dummy
ЛЯЗГАТЬ	119502-V	шевелиться
ЛЯЗГАТЬ	114745-V	проурчать
ЛЯЗГАТЬ	110481-V	растревоживать
МАНКИРОВАТЬ	106877-V	говорить
МАНКИРОВАТЬ	107094-V	говорить
МАНКИРОВАТЬ	106781-V	говорить
МАНКИРОВАТЬ	106868-V	говорить
МАНКИРОВАТЬ	106876-V	говорить
МАНКИРОВАТЬ	118698-V	делать
МАНКИРОВАТЬ	106494-V	делать
МАНКИРОВАТЬ	106495-V	делать
МИКШИРОВАТЬ	106493-V	создавать
МИКШИРОВАТЬ	120410-V	создавать
МИКШИРОВАТЬ	118698-V	сделать
МИКШИРОВАТЬ	106494-V	сделать
МИКШИРОВАТЬ	106495-V	сделать
МИКШИРОВАТЬ	2055-V	реализовывать
МИКШИРОВАТЬ	106839-V	усовершенствовать
МИКШИРОВАТЬ	106844-V	видоизменить
МИКШИРОВАТЬ	120969-V	переделать
МИКШИРОВАТЬ	106785-V	переделать
МОТОРИЗОВАТЬ	106493-V	создавать
МОТОРИЗОВАТЬ	120410-V	создавать
МОТОРИЗОВАТЬ	106496-V	организовывать
МОТОРИЗОВАТЬ	120105-V	организовывать
МОТОРИЗОВАТЬ	106494-V	осуществлять
МОТОРИЗОВАТЬ	106558-V	формировать
МОТОРИЗОВАТЬ	139746-V	формировать
МОТОРИЗОВАТЬ	145757-V	направлять
МОТОРИЗОВАТЬ	145755-V	направлять
МОТОРИЗОВАТЬ	119751-V	направлять
МУЛЬЧИРОВАТЬ	107326-V	класть
МУЛЬЧИРОВАТЬ	151864-V	класть
МУЛЬЧИРОВАТЬ	116174-V	класть
МУЛЬЧИРОВАТЬ	111540-V	класть
МУЛЬЧИРОВАТЬ	116173-V	класть
МУЛЬЧИРОВАТЬ	113029-V	загваздать
МУЛЬЧИРОВАТЬ	115780-V	гваздаться
МУЛЬЧИРОВАТЬ	120111-V	скопать
МУЛЬЧИРОВАТЬ	111579-V	набрызгивать
МУЛЬЧИРОВАТЬ	112386-V	присыпать
МУШТРОВАТЬ	130168-V	учить
МУШТРОВАТЬ	106684-V	учить
МУШТРОВАТЬ	124452-V	учить
МУШТРОВАТЬ	118370-V	учить
НАБЕГАТЬСЯ	116549-V	подкапливать
НАГУЛЯТЬ	106934-V	съесть
НАГУЛЯТЬ	117072-V	съесть
НАГУЛЯТЬ	109109-V	наготавливать
НАГУЛЯТЬ	111554-V	наготавливать
НАГУЛЯТЬ	131836-V	поесть
НАГУЛЯТЬ	119481-V	заморить
НАГУЛЯТЬ	117014-V	наесться
НАГУЛЯТЬ	120239-V	лопать
НАГУЛЯТЬ	116549-V	подкапливать
НАГУЛЯТЬ	111552-V	намариновать
НАКЛИКАТЬ	113119-V	обманывать
НАКЛИКАТЬ	115890-V	обижать
НАКЛИКАТЬ	151347-V	обижать
НАКЛИКАТЬ	118765-V	скрывать
НАКЛИКАТЬ	135345-V	скрывать
НАКЛИКАТЬ	117840-V	скрывать
НАКЛИКАТЬ	132762-V	скрывать
НАКЛИКАТЬ	115208-V	оскорбить
НЕВОЛИТЬ	106817-V	заставлять
НЕВОЛИТЬ	120441-V	заставлять
НЕВОЛИТЬ	137272-V	заставлять
НЕВОЛИТЬ	118698-V	делать
НЕВОЛИТЬ	106494-V	делать
НЕВОЛИТЬ	106495-V	делать
НЕВОЛИТЬ	120095-V	убеждать
НЕВОЛИТЬ	116244-V	убеждать
НЕВОЛИТЬ	106935-V	отдавать
НЕВОЛИТЬ	106811-V	отдавать
ОБЕЗЖЕЛЕЗИТЬ	106631-V	dummy
ОБЕЗЖЕЛЕЗИТЬ	148420-V	dummy
ОБЕЗЖЕЛЕЗИТЬ	106504-V	dummy
ОБЕЗЖЕЛЕЗИТЬ	107094-V	dummy
ОБЕЗЖЕЛЕЗИТЬ	647-V	dummy
ОБЕЗЖЕЛЕЗИТЬ	116921-V	dummy
ОБЕЗЖЕЛЕЗИТЬ	107093-V	dummy
ОБЕЗЖЕЛЕЗИТЬ	106817-V	dummy
ОБЕЗЖЕЛЕЗИТЬ	106938-V	dummy
ОБЕЗЖЕЛЕЗИТЬ	106698-V	dummy
ОБЕЗЬЯННИЧАТЬ	117299-V	подобострастничать
ОБЕЗЬЯННИЧАТЬ	110447-V	воспроизводить
ОБЕЗЬЯННИЧАТЬ	120000-V	критиковать
ОБЕЗЬЯННИЧАТЬ	123430-V	критиковать
ОБЕЗЬЯННИЧАТЬ	125687-V	возвысить
ОБЕЗЬЯННИЧАТЬ	116284-V	высмеивать
ОБЕЗЬЯННИЧАТЬ	106817-V	заставлять
ОБЕЗЬЯННИЧАТЬ	120441-V	заставлять
ОБЕЗЬЯННИЧАТЬ	137272-V	заставлять
ОБЕЗЬЯННИЧАТЬ	116390-V	искажать
ОБКОЛОТЬ	106497-V	использовать
ОБКОЛОТЬ	115935-V	обрезать
ОБКОЛОТЬ	120431-V	обрезать
ОБКОЛОТЬ	112810-V	обрезать
ОБКОЛОТЬ	140814-V	обрезать
ОБКОЛОТЬ	110832-V	обрезать
ОБКОЛОТЬ	111950-V	разрушать
ОБКОЛОТЬ	111951-V	разрушать
ОБКОЛОТЬ	111954-V	возвращать
ОБКОЛОТЬ	137882-V	возвращать
ОБОЖЕСТВИТЬ	106476-V	стремиться
ОБОЖЕСТВИТЬ	116035-V	стремиться
ОБОЖЕСТВИТЬ	106493-V	создавать
ОБОЖЕСТВИТЬ	120410-V	создавать
ОБОЖЕСТВИТЬ	106631-V	изменить
ОБОЖЕСТВИТЬ	111281-V	изменить
ОБОЖЕСТВИТЬ	117315-V	изменить
ОБОЖЕСТВИТЬ	127161-V	отвергать
ОБОЖЕСТВИТЬ	127315-V	отвергать
ОБОЖЕСТВИТЬ	127162-V	отвергать
ОБУГЛИТЬ	111579-V	набрызгивать
ОБУГЛИТЬ	131726-V	изламывать
ОБУГЛИТЬ	115780-V	гваздаться
ОБУГЛИТЬ	131836-V	истачивать
ОБУГЛИТЬ	140830-V	избиться
ОБУГЛИТЬ	112386-V	запорашивать
ОБУГЛИТЬ	132814-V	мягчить
ОГРУБЕТЬ	116388-V	утратить
ОГРУБЕТЬ	116391-V	потерять
ОГРУБЕТЬ	120358-V	потерять
ОДУХОТВОРИТЬ	106493-V	создавать
ОДУХОТВОРИТЬ	120410-V	создавать
ОДУХОТВОРИТЬ	107410-V	разделять
ОДУХОТВОРИТЬ	119240-V	разделять
ОДУХОТВОРИТЬ	138531-V	привносить
ОДУХОТВОРИТЬ	106785-V	преобразовать
ОДУХОТВОРИТЬ	106631-V	изменять
ОДУХОТВОРИТЬ	111281-V	изменять
ОДУХОТВОРИТЬ	117315-V	изменять
ОДУХОТВОРИТЬ	111611-V	влиять
ОКАТЬ	106877-V	говорить
ОКАТЬ	107094-V	говорить
ОКАТЬ	106781-V	говорить
ОКАТЬ	106868-V	говорить
ОКАТЬ	106876-V	говорить
ОКАТЬ	118698-V	делать
ОКАТЬ	106494-V	делать
ОКАТЬ	106495-V	делать
ОКРОВАВИТЬ	118698-V	делать
ОКРОВАВИТЬ	106494-V	делать
ОКРОВАВИТЬ	106495-V	делать
ОКРОВАВИТЬ	115780-V	гваздаться
ОПЛАВИТЬСЯ	111579-V	набрызгивать
ОПЛАВИТЬСЯ	118732-V	проквасить
ОПОХМЕЛИТЬСЯ	117709-V	выпить
ОПОХМЕЛИТЬСЯ	106932-V	выпить
ОПОХМЕЛИТЬСЯ	117710-V	напиваться
ОПОХМЕЛИТЬСЯ	115578-V	напиваться
ОСЛЫШАТЬСЯ	106877-V	говорить
ОСЛЫШАТЬСЯ	107094-V	говорить
ОСЛЫШАТЬСЯ	106781-V	говорить
ОСЛЫШАТЬСЯ	106868-V	говорить
ОСЛЫШАТЬСЯ	106876-V	говорить
ОСЛЫШАТЬСЯ	106977-V	ответить
ОСЛЫШАТЬСЯ	133711-V	ответить
ОСЛЫШАТЬСЯ	112933-V	ответить
ОСЛЫШАТЬСЯ	107138-V	соглашаться
ОСЛЫШАТЬСЯ	117990-V	соглашаться
ОТРЕКОНСТРУИРОВАТЬ	106631-V	dummy
ОТРЕКОНСТРУИРОВАТЬ	148420-V	dummy
ОТРЕКОНСТРУИРОВАТЬ	106504-V	dummy
ОТРЕКОНСТРУИРОВАТЬ	107094-V	dummy
ОТРЕКОНСТРУИРОВАТЬ	647-V	dummy
ОТРЕКОНСТРУИРОВАТЬ	116921-V	dummy
ОТРЕКОНСТРУИРОВАТЬ	107093-V	dummy
ОТРЕКОНСТРУИРОВАТЬ	106817-V	dummy
ОТРЕКОНСТРУИРОВАТЬ	106938-V	dummy
ОТРЕКОНСТРУИРОВАТЬ	106698-V	dummy
ОТСЫРЕТЬ	113029-V	загваздать
ОТСЫРЕТЬ	115780-V	гваздаться
ОТСЫРЕТЬ	107013-V	замызгать
ОТСЫРЕТЬ	111579-V	набрызгивать
ОТСЫРЕТЬ	124866-V	замуслить
ОТЦВЕСТИ	111990-V	перепревать
ОТЦВЕСТИ	111579-V	набрызгивать
ОТЯГЧАТЬ	110478-V	огорчать
ОТЯГЧАТЬ	118042-V	расстраивать
ОТЯГЧАТЬ	118041-V	расстраивать
ОТЯГЧАТЬ	120296-V	расстраивать
ОТЯГЧАТЬ	116726-V	вынуждать
ОТЯГЧАТЬ	113119-V	обманывать
ОТЯГЧАТЬ	115208-V	оскорбить
ОТЯГЧАТЬ	106817-V	заставлять
ОТЯГЧАТЬ	120441-V	заставлять
ОТЯГЧАТЬ	137272-V	заставлять
ПАНИРОВАТЬ	117035-V	приготовить
ПАНИРОВАТЬ	109109-V	приготовить
ПАНИРОВАТЬ	146965-V	приготовить
ПАНИРОВАТЬ	138310-V	готовить
ПАНИРОВАТЬ	118732-V	проквасить
ПАНИРОВАТЬ	116200-V	просаливать
ПАНИРОВАТЬ	107326-V	класть
ПАНИРОВАТЬ	151864-V	класть
ПАНИРОВАТЬ	116174-V	класть
ПАНИРОВАТЬ	111540-V	класть
ПЕЛЕНАТЬ	111579-V	набрызгивать
ПЕЛЕНАТЬ	113029-V	загваздать
ПЕЛЕНАТЬ	115187-V	обмотать
ПЕЛЕНАТЬ	115780-V	гваздаться
ПЕРЕДАВИТЬ	113695-V	покалечить
ПЕРЕДАВИТЬ	139708-V	покалечить
ПЕРЕДАВИТЬ	129716-V	убить
ПЕРЕДАВИТЬ	120358-V	убить
ПЕРЕДАВИТЬ	111386-V	убить
ПЕРЕДАВИТЬ	4628-V	убить
ПЕРЕДАВИТЬ	115819-V	разозлить
ПЕРЕДАВИТЬ	112165-V	прикончить
ПЕРЕДАВИТЬ	115210-V	унижать
ПЕРЕДАВИТЬ	115890-V	обижать
ПЕРЕЖИМАТЬ	118698-V	сделать
ПЕРЕЖИМАТЬ	106494-V	сделать
ПЕРЕЖИМАТЬ	106495-V	сделать
ПЕРЕКОВАТЬ	106493-V	создавать
ПЕРЕКОВАТЬ	120410-V	создавать
ПЕРЕКОВАТЬ	106839-V	усовершенствовать
ПЕРЕКОВАТЬ	106497-V	использовать
ПЕРЕКОВАТЬ	106844-V	трансформировать
ПЕРЕКОВАТЬ	106950-V	трансформировать
ПЕРЕКОВАТЬ	125640-V	внедрять
ПЕРЕКОВАТЬ	118698-V	сделать
ПЕРЕКОВАТЬ	106494-V	сделать
ПЕРЕКОВАТЬ	106495-V	сделать
ПЕРЕЛИЦЕВАТЬ	106493-V	создавать
ПЕРЕЛИЦЕВАТЬ	120410-V	создавать
ПЕРЕЛИЦЕВАТЬ	106631-V	менять
ПЕРЕЛИЦЕВАТЬ	116304-V	менять
ПЕРЕЛИЦЕВАТЬ	106682-V	менять
ПЕРЕЛИЦЕВАТЬ	120969-V	переделать
ПЕРЕЛИЦЕВАТЬ	106785-V	переделать
ПЕРЕЛИЦЕВАТЬ	118698-V	сделать
ПЕРЕЛИЦЕВАТЬ	106494-V	сделать
ПЕРЕЛИЦЕВАТЬ	106495-V	сделать
ПЕРЕПОСТИТЬ	121382-V	написать
ПЕРЕПОСТИТЬ	107009-V	написать
ПЕРЕПОСТИТЬ	107007-V	написать
ПЕРЕПОСТИТЬ	107003-V	написать
ПЕРЕПОСТИТЬ	121118-V	писать
ПЕРЕСПОРИТЬ	106877-V	говорить
ПЕРЕСПОРИТЬ	107094-V	говорить
ПЕРЕСПОРИТЬ	106781-V	говорить
ПЕРЕСПОРИТЬ	106868-V	говорить
ПЕРЕСПОРИТЬ	106876-V	говорить
ПЕРЕСПОРИТЬ	120095-V	убедить
ПЕРЕСПОРИТЬ	116244-V	убедить
ПЕРЕСПОРИТЬ	107138-V	соглашаться
ПЕРЕСПОРИТЬ	117990-V	соглашаться
ПЕРЕСПОРИТЬ	129167-V	соглашаться
ПЕРЕУСТРАИВАТЬ	118698-V	сделать
ПЕРЕУСТРАИВАТЬ	106494-V	сделать
ПЕРЕУСТРАИВАТЬ	106495-V	сделать
ПЕРЕУСТРАИВАТЬ	106631-V	изменить
ПЕРЕУСТРАИВАТЬ	111281-V	изменить
ПЕРЕУСТРАИВАТЬ	117315-V	изменить
ПЕРЕУСТРАИВАТЬ	106493-V	создавать
ПЕРЕУСТРАИВАТЬ	120410-V	создавать
ПЕРЕУСТРАИВАТЬ	106813-V	иметь
ПЕРЕУСТРАИВАТЬ	149549-V	иметь
ПОДГОРАТЬ	109109-V	наготавливать
ПОДГОРАТЬ	111554-V	наготавливать
ПОДГОРАТЬ	115780-V	гваздаться
ПОДГОРАТЬ	112081-V	настругивать
ПОДГОРАТЬ	111579-V	обкапать
ПОДГОРАТЬ	126179-V	замасливать
ПОДРАЗДЕЛЯТЬСЯ	111944-V	определять
ПОДРАЗДЕЛЯТЬСЯ	106710-V	определять
ПОДРАЗДЕЛЯТЬСЯ	120255-V	определять
ПОДРАЗДЕЛЯТЬСЯ	106473-V	определять
ПОДРАЗДЕЛЯТЬСЯ	141649-V	определять
ПОДРАЗДЕЛЯТЬСЯ	107410-V	разделять
ПОДРАЗДЕЛЯТЬСЯ	119240-V	разделять
ПОДРАЗДЕЛЯТЬСЯ	119932-V	указать
ПОДРАЗДЕЛЯТЬСЯ	116198-V	указать
ПОДРАЗДЕЛЯТЬСЯ	137386-V	учитывать
ПОДУЧИТЬСЯ	130168-V	учить
ПОДУЧИТЬСЯ	106684-V	учить
ПОДУЧИТЬСЯ	124452-V	учить
ПОДУЧИТЬСЯ	118370-V	учить
ПОДУЧИТЬСЯ	118698-V	делать
ПОДУЧИТЬСЯ	106494-V	делать
ПОДУЧИТЬСЯ	106495-V	делать
ПОДУЧИТЬСЯ	107441-V	начать
ПОДУЧИТЬСЯ	120174-V	начать
ПОХМЕЛИТЬСЯ	117709-V	пить
ПОХМЕЛИТЬСЯ	106932-V	пить
ПРИГНУТЬ	141483-V	удерживать
ПРИГНУТЬ	119157-V	удерживать
ПРИГНУТЬ	125904-V	удерживать
ПРИГНУТЬ	150134-V	удерживать
ПРИГНУТЬ	146707-V	удерживать
ПРИГНУТЬ	117834-V	удерживать
ПРИГНУТЬ	145757-V	направлять
ПРИГНУТЬ	145755-V	направлять
ПРИГНУТЬ	119751-V	направлять
ПРИГНУТЬ	114501-V	направлять
ПРИДУРИВАТЬСЯ	106877-V	говорить
ПРИДУРИВАТЬСЯ	107094-V	говорить
ПРИДУРИВАТЬСЯ	106781-V	говорить
ПРИДУРИВАТЬСЯ	106868-V	говорить
ПРИДУРИВАТЬСЯ	106876-V	говорить
ПРИПЛЮСНУТЬ	131726-V	изламывать
ПРИПЛЮСНУТЬ	111579-V	набрызгивать
ПРИПЛЮСНУТЬ	113029-V	загваздать
ПРИСЛОНИТЬ	106938-V	перемещать
ПРИСЛОНИТЬ	108821-V	поднимать
ПРИСЛОНИТЬ	110888-V	поднимать
ПРИСЛОНИТЬ	145888-V	держать
ПРИСЛОНИТЬ	146707-V	держать
ПРИСЛОНИТЬ	111754-V	держать
ПРИСЛОНИТЬ	125817-V	держать
ПРИСЛОНИТЬ	117844-V	держать
ПРИСЛОНИТЬ	145757-V	направлять
ПРИСЛОНИТЬ	145755-V	направлять
ПРИХОРАШИВАТЬСЯ	106631-V	изменить
ПРИХОРАШИВАТЬСЯ	111281-V	изменить
ПРИХОРАШИВАТЬСЯ	117315-V	изменить
ПРИХОРАШИВАТЬСЯ	116304-V	менять
ПРИХОРАШИВАТЬСЯ	106682-V	менять
ПРОДЛЯТЬ	106640-V	увеличивать
ПРОДЛЯТЬ	106631-V	изменить
ПРОДЛЯТЬ	111281-V	изменить
ПРОДЛЯТЬ	117315-V	изменить
ПРОДЛЯТЬ	106636-V	усиливать
ПРОДЛЯТЬ	137446-V	усиливать
ПРОДЛЯТЬ	106638-V	уменьшать
ПРОДЛЯТЬ	124388-V	поддерживать
ПРОДЛЯТЬ	137658-V	поддерживать
ПРОДЛЯТЬ	119198-V	поддерживать
ПРОМУЛЬГИРОВАТЬ	106631-V	dummy
ПРОМУЛЬГИРОВАТЬ	148420-V	dummy
ПРОМУЛЬГИРОВАТЬ	106504-V	dummy
ПРОМУЛЬГИРОВАТЬ	107094-V	dummy
ПРОМУЛЬГИРОВАТЬ	647-V	dummy
ПРОМУЛЬГИРОВАТЬ	116921-V	dummy
ПРОМУЛЬГИРОВАТЬ	107093-V	dummy
ПРОМУЛЬГИРОВАТЬ	106817-V	dummy
ПРОМУЛЬГИРОВАТЬ	106938-V	dummy
ПРОМУЛЬГИРОВАТЬ	106698-V	dummy
ПРОТОКОЛИРОВАТЬ	124842-V	записывать
ПРОТОКОЛИРОВАТЬ	111882-V	записывать
ПРОТОКОЛИРОВАТЬ	126241-V	записывать
ПУДРИТЬ	106493-V	создавать
ПУДРИТЬ	120410-V	создавать
ПУДРИТЬ	118698-V	сделать
ПУДРИТЬ	106494-V	сделать
ПУДРИТЬ	106495-V	сделать
ПУДРИТЬ	106497-V	использовать
ПУДРИТЬ	106844-V	видоизменить
ПУДРИТЬ	106631-V	изменять
ПУДРИТЬ	111281-V	изменять
ПУДРИТЬ	117315-V	изменять
РАЗВАРИТЬ	129701-V	сварить
РАЗВАРИТЬ	109121-V	сварить
РАЗВАРИТЬ	3288-V	сварить
РАЗВАРИТЬ	117035-V	приготовить
РАЗВАРИТЬ	109109-V	приготовить
РАЗВАРИТЬ	146965-V	приготовить
РАЗВАРИТЬ	138310-V	готовить
РАЗГОВЕТЬСЯ	106934-V	съесть
РАЗГОВЕТЬСЯ	117072-V	съесть
РАЗГОВЕТЬСЯ	131836-V	поесть
РАЗГОВЕТЬСЯ	117709-V	пить
РАЗГОВЕТЬСЯ	106932-V	пить
РАЗГОВЕТЬСЯ	117014-V	наесться
РАЗГОВЕТЬСЯ	113619-V	перекусить
РАЗГОВЕТЬСЯ	112413-V	перекусить
РАЗМЕЧТАТЬСЯ	133751-V	испытывать
РАЗМЕЧТАТЬСЯ	106690-V	испытывать
РАЗМЕЧТАТЬСЯ	116921-V	испытывать
РАЗУТЬ	118698-V	сделать
РАЗУТЬ	106494-V	сделать
РАЗУТЬ	106495-V	сделать
РАСКОВАТЬ	106493-V	создавать
РАСКОВАТЬ	120410-V	создавать
РАСКОВАТЬ	111611-V	воздействовать
РАСКОВАТЬ	106497-V	использовать
РАСКОВАТЬ	106631-V	изменять
РАСКОВАТЬ	111281-V	изменять
РАСКОВАТЬ	117315-V	изменять
РАСКОВАТЬ	106632-V	улучшать
РАСКОВАТЬ	106817-V	заставлять
РАСКОВАТЬ	120441-V	заставлять
РАСПАРИТЬ	111579-V	набрызгивать
РАСПАРИТЬ	117035-V	приготовить
РАСПАРИТЬ	109109-V	приготовить
РАСПАРИТЬ	146965-V	приготовить
РАСПЛАСТАТЬСЯ	123851-V	прятаться
РАСПЛАСТАТЬСЯ	109451-V	прятаться
РАСПЛАСТАТЬСЯ	146698-V	прятаться
РАСПЛАСТАТЬСЯ	117945-V	уйти
РАСПЛАСТАТЬСЯ	868-V	уйти
РАСПЛАСТАТЬСЯ	120667-V	уйти
РАСПЛАСТАТЬСЯ	117912-V	уйти
РАСПЛАСТАТЬСЯ	145935-V	уйти
РАСПЛАСТАТЬСЯ	117918-V	уйти
РАСПЛАСТАТЬСЯ	140794-V	уйти
РАСТОЧИТЬ	106631-V	менять
РАСТОЧИТЬ	116304-V	менять
РАСТОЧИТЬ	106682-V	менять
РАСТОЧИТЬ	120969-V	переделать
РАСТОЧИТЬ	106785-V	переделать
РАСТОЧИТЬ	106493-V	создавать
РАСТОЧИТЬ	120410-V	создавать
РАСТОЧИТЬ	118698-V	сделать
РАСТОЧИТЬ	106494-V	сделать
РАСТОЧИТЬ	106495-V	сделать
РАСЧЕХЛИТЬ	120231-V	убрать
РАСЧЕХЛИТЬ	110912-V	убрать
РАСЧЕХЛИТЬ	111903-V	убрать
РАСЧЕХЛИТЬ	116304-V	поменять
РАСЧЕХЛИТЬ	106682-V	поменять
РАСЧЕХЛИТЬ	117840-V	спрятать
РАСЧЕХЛИТЬ	121402-V	спрятать
РАСЧЕХЛИТЬ	106631-V	менять
РАСЧЕХЛИТЬ	106938-V	переместить
РАСЧЕХЛИТЬ	118698-V	сделать
РЕКВИЗИРОВАТЬ	115594-V	взять
РЕКВИЗИРОВАТЬ	116296-V	взять
РЕКВИЗИРОВАТЬ	140441-V	взять
РЕКВИЗИРОВАТЬ	114372-V	отобрать
РЕКВИЗИРОВАТЬ	121187-V	отобрать
РЕКВИЗИРОВАТЬ	131385-V	захватить
РЕКВИЗИРОВАТЬ	120319-V	захватить
РЕКВИЗИРОВАТЬ	115072-V	захватить
РЕКВИЗИРОВАТЬ	117105-V	захватить
РЕКВИЗИРОВАТЬ	106497-V	использовать
РЯВКНУТЬ	106877-V	говорить
РЯВКНУТЬ	107094-V	говорить
РЯВКНУТЬ	106781-V	говорить
РЯВКНУТЬ	106868-V	говорить
РЯВКНУТЬ	106876-V	говорить
РЯВКНУТЬ	107105-V	кричать
РЯВКНУТЬ	107104-V	кричать
РЯВКНУТЬ	131137-V	заговорить
РЯВКНУТЬ	137945-V	заговорить
РЯВКНУТЬ	151305-V	заговорить
СЕРЕБРИТЬ	106493-V	создавать
СЕРЕБРИТЬ	120410-V	создавать
СЕРЕБРИТЬ	106497-V	использовать
СЕРЕБРИТЬ	118698-V	сделать
СЕРЕБРИТЬ	106494-V	сделать
СЕРЕБРИТЬ	106495-V	сделать
СЕРЕБРИТЬ	106844-V	видоизменить
СЕРЕБРИТЬ	106631-V	изменять
СЕРЕБРИТЬ	111281-V	изменять
СЕРЕБРИТЬ	117315-V	изменять
СКАЛИТЬСЯ	119502-V	шевелиться
СКАЛИТЬСЯ	118509-V	насупливаться
СКАЛИТЬСЯ	114745-V	проурчать
СКАЛИТЬСЯ	117094-V	шевелить
СКАЛИТЬСЯ	117673-V	рассердиться
СКАЛИТЬСЯ	117674-V	разозлиться
СКОВЫРНУТЬ	118698-V	сделать
СКОВЫРНУТЬ	106494-V	сделать
СКОВЫРНУТЬ	106495-V	сделать
СМОЛИТЬ	115780-V	гваздаться
СМОЛИТЬ	111579-V	набрызгивать
СМОЛИТЬ	124713-V	пропаривать
СМОЛИТЬ	113029-V	загваздать
СМОЛИТЬ	124866-V	замуслить
СМОЛИТЬ	119481-V	проморить
СМОЛИТЬ	118732-V	проквасить
СМОЛИТЬ	111551-V	насаливать
СМОЛИТЬ	107011-V	вычистить
СМОЛИТЬ	112548-V	удалять
СНЕЖИТЬ	111579-V	набрызгивать
СНЕЖИТЬ	113029-V	загваздать
СПЕЧЬСЯ	115780-V	гваздаться
СПЕЧЬСЯ	111579-V	набрызгивать
СПЕЧЬСЯ	113029-V	загваздать
СПЛЮЩИТЬ	131726-V	изламывать
СПЛЮЩИТЬ	116367-V	деформировать
СПЛЮЩИТЬ	106640-V	увеличивать
СПЛЮЩИТЬ	106493-V	создавать
СПЛЮЩИТЬ	120410-V	создавать
СПЛЮЩИТЬ	118698-V	сделать
СПЛЮЩИТЬ	106494-V	сделать
СПЛЮЩИТЬ	106495-V	сделать
СПЛЮЩИТЬ	106638-V	уменьшать
СПЛЮЩИТЬ	106636-V	усиливать
СТЕСАТЬ	112548-V	удалять
СТЕСАТЬ	110909-V	удалять
СТЕСАТЬ	108870-V	удалять
СТЕСАТЬ	110908-V	удалять
СТЕСАТЬ	115935-V	обрезать
СТЕСАТЬ	120431-V	обрезать
СТЕСАТЬ	112810-V	обрезать
СТЕСАТЬ	140814-V	обрезать
СТЕСАТЬ	110832-V	обрезать
СТЕСАТЬ	115692-V	подрезать
СФОРМОВАТЬ	107326-V	класть
СФОРМОВАТЬ	151864-V	класть
СФОРМОВАТЬ	116174-V	класть
СФОРМОВАТЬ	111540-V	класть
СФОРМОВАТЬ	116173-V	класть
СФОРМОВАТЬ	106497-V	использовать
СФОРМОВАТЬ	111579-V	набрызгивать
СФОРМОВАТЬ	107412-V	разрезать
СФОРМОВАТЬ	117035-V	готовить
СФОРМОВАТЬ	109109-V	готовить
СЮСЮКАТЬ	106877-V	говорить
СЮСЮКАТЬ	107094-V	говорить
СЮСЮКАТЬ	106781-V	говорить
СЮСЮКАТЬ	106868-V	говорить
СЮСЮКАТЬ	106876-V	говорить
ТОЛОЧЬ	118698-V	делать
ТОЛОЧЬ	106494-V	делать
ТОЛОЧЬ	106495-V	делать
УВОЛОЧЬ	110915-V	тащить
УВОЛОЧЬ	7609-V	тащить
УВОЛОЧЬ	118326-V	тащить
УВОЛОЧЬ	134800-V	тащить
УВОЛОЧЬ	125768-V	тащить
УВОЛОЧЬ	110914-V	утащить
УВОЛОЧЬ	124871-V	утащить
УВОЛОЧЬ	115673-V	притащить
УВОЛОЧЬ	121019-V	унести
УВОЛОЧЬ	110913-V	унести
УЛЮЛЮКАТЬ	107105-V	кричать
УЛЮЛЮКАТЬ	107104-V	кричать
УЛЮЛЮКАТЬ	107094-V	произнести
УЛЮЛЮКАТЬ	106877-V	говорить
УЛЮЛЮКАТЬ	106781-V	говорить
УЛЮЛЮКАТЬ	106868-V	говорить
УЛЮЛЮКАТЬ	106876-V	говорить
УЛЮЛЮКАТЬ	131137-V	заговорить
УЛЮЛЮКАТЬ	137945-V	заговорить
УЛЮЛЮКАТЬ	151305-V	заговорить
УМЯТЬ	106934-V	съесть
УМЯТЬ	117072-V	съесть
УМЯТЬ	117014-V	наесться
УМЯТЬ	120239-V	лопать
УМЯТЬ	130579-V	проглотить
УМЯТЬ	124504-V	проглотить
УМЯТЬ	106933-V	проглотить
УМЯТЬ	131836-V	поесть
УМЯТЬ	131460-V	запить
УМЯТЬ	131461-V	запить
УСЛАЖДАТЬ	106817-V	заставлять
УСЛАЖДАТЬ	120441-V	заставлять
УСЛАЖДАТЬ	137272-V	заставлять
УСЛАЖДАТЬ	113220-V	поощрять
УСЛАЖДАТЬ	124388-V	поддерживать
УСЛАЖДАТЬ	137658-V	поддерживать
УСЛАЖДАТЬ	119198-V	поддерживать
УСЛАЖДАТЬ	106472-V	поддерживать
УСЛАЖДАТЬ	107410-V	разделять
УСЛАЖДАТЬ	119240-V	разделять
УТОНЧИТЬ	106632-V	улучшать
УТОНЧИТЬ	106640-V	увеличивать
УТОНЧИТЬ	106631-V	изменить
УТОНЧИТЬ	111281-V	изменить
УТОНЧИТЬ	117315-V	изменить
УТОНЧИТЬ	106839-V	усовершенствовать
УТОНЧИТЬ	106636-V	усиливать
УТОНЧИТЬ	137446-V	усиливать
УТОНЧИТЬ	106844-V	видоизменить
УТОНЧИТЬ	106950-V	трансформировать
ФЛУОРЕСЦИРОВАТЬ	106493-V	создавать
ФЛУОРЕСЦИРОВАТЬ	120410-V	создавать
ФЛУОРЕСЦИРОВАТЬ	3513-V	контролировать
ФЛУОРЕСЦИРОВАТЬ	106844-V	трансформировать
ФЛУОРЕСЦИРОВАТЬ	106950-V	трансформировать
ФЛУОРЕСЦИРОВАТЬ	106631-V	изменять
ФЛУОРЕСЦИРОВАТЬ	111281-V	изменять
ФЛУОРЕСЦИРОВАТЬ	117315-V	изменять
ФЛУОРЕСЦИРОВАТЬ	111611-V	влиять
ХЛОРИРОВАТЬ	106631-V	менять
ХЛОРИРОВАТЬ	116304-V	менять
ХЛОРИРОВАТЬ	106682-V	менять
ХЛОРИРОВАТЬ	106497-V	использовать
ХРИСТОСОВАТЬСЯ	106877-V	говорить
ХРИСТОСОВАТЬСЯ	107094-V	говорить
ХРИСТОСОВАТЬСЯ	106781-V	говорить
ХРИСТОСОВАТЬСЯ	106868-V	говорить
ХРИСТОСОВАТЬСЯ	106876-V	говорить
ХРИСТОСОВАТЬСЯ	128614-V	разговаривать
ЦИВИЛИЗОВАТЬ	111611-V	воздействовать
ЦИВИЛИЗОВАТЬ	145757-V	направлять
ЦИВИЛИЗОВАТЬ	145755-V	направлять
ЦИВИЛИЗОВАТЬ	119751-V	направлять
ЦИВИЛИЗОВАТЬ	114501-V	направлять
ЦИВИЛИЗОВАТЬ	106817-V	принудить
ЦИВИЛИЗОВАТЬ	106535-V	побуждать
ЦИВИЛИЗОВАТЬ	120441-V	заставить
ЦИВИЛИЗОВАТЬ	137272-V	заставить
ЦИВИЛИЗОВАТЬ	106785-V	преобразовать
ЧАВКАТЬ	130579-V	проглотить
ЧАВКАТЬ	124504-V	проглотить
ЧАВКАТЬ	106933-V	проглотить
ЧАВКАТЬ	106934-V	съесть
ЧАВКАТЬ	117072-V	съесть
ЧАВКАТЬ	116971-V	выплюнуть
ЧАВКАТЬ	117340-V	жевать
ЧАВКАТЬ	117341-V	прожевать
ЧАВКАТЬ	131460-V	запить
ЧАВКАТЬ	131461-V	запить
ЧЕРТЫХАТЬСЯ	120151-V	ругаться
ЧЕРТЫХАТЬСЯ	125446-V	ругаться
ЧЕРТЫХАТЬСЯ	118509-V	насупливаться
ЧЕРТЫХАТЬСЯ	117674-V	разозлиться
ЧЕРТЫХАТЬСЯ	107190-V	обругать
ЧОКАТЬСЯ	117709-V	пить
ЧОКАТЬСЯ	106932-V	пить
ЧОКАТЬСЯ	106934-V	съесть
ЧОКАТЬСЯ	117072-V	съесть
ЧОКАТЬСЯ	118698-V	делать
ЧОКАТЬСЯ	106494-V	делать
ЧОКАТЬСЯ	106495-V	делать
ЧОКАТЬСЯ	128614-V	разговаривать
ЧОКАТЬСЯ	106781-V	разговаривать
ЧОКАТЬСЯ	110720-V	наливать
ШТОПАТЬ	113029-V	загваздать
ШТОПАТЬ	111575-V	зашить
ШТОПАТЬ	111576-V	зашить
